slide,split
21I000004,test
21I000005,test
21I000006,test
21I000007,test
21I000008,test
21I000009,test
21I000010,test
21I000011,test
21I000012,test
21I000013,test
21I000014,test
21I000015,test
21I000016,test
21I000017,test
21I000018,test
21I000019,test
21I000020,test
21I000021,test
21I000022,test
21I000023,test
21I000024,test
21I000025,test
21I000026,test
21I000027,test
21I000028,test
21I000029,test
21I000030,test
21I000031,test
21I000032,test
21I000033,test
21I000034,test
21I000035,test
21I000036,0
21I000037,0
21I000038,0
21I000039,3
21I000040,3
21I000041,3
21I000042,3
21I000043,2
21I000044,2
21I000045,0
21I000046,0
21I000047,3
21I000048,2
21I000049,2
21I000050,3
21I000051,3
21I000052,2
21I000053,2
21I000054,1
21I000055,test
21I000056,0
21I000057,2
21I000058,1
21I000059,2
21I000060,4
21I000061,1
21I000062,0
21I000063,1
21I000064,1
21I000065,3
21I000066,2
21I000067,3
21I000068,test
21I000069,3
21I000070,2
21I000071,4
21I000072,0
21I000073,0
21I000074,0
21I000075,3
21I000076,2
21I000077,0
21I000078,2
21I000079,0
21I000080,3
21I000081,2
21I000082,1
21I000083,1
21I000084,3
21I000085,1
21I000086,0
21I000087,0
21I000088,4
21I000089,4
21I000090,3
21I000091,1
21I000092,4
21I000093,3
21I000094,3
21I000095,2
21I000096,1
21I000097,0
21I000098,4
21I000099,2
21I000100,1
21I000101,1
21I000102,2
21I000103,0
21I000104,4
21I000105,3
21I000106,3
21I000107,2
21I000108,3
21I000109,2
21I000110,3
21I000111,0
21I000112,2
21I000113,test
21I000114,0
21I000115,test
21I000116,2
21I000117,1
21I000118,0
21I000119,0
21I000120,test
21I000121,2
21I000122,0
21I000123,test
21I000124,4
21I000125,2
21I000126,1
21I000127,2
21I000128,0
21I000129,4
21I000130,2
21I000131,3
21I000132,0
21I000133,2
21I000134,2
21I000135,4
21I000136,2
21I000137,2
21I000138,1
21I000139,test
21I000140,1
21I000141,2
21I000142,2
21I000143,test
21I000144,0
21I000145,4
21I000146,4
21I000147,0
21I000148,2
21I000149,test
21I000150,test
21I000151,0
21I000152,3
21I000153,1
21I000154,3
21I000155,3
21I000156,3
21I000157,0
21I000158,4
21I000159,1
21I000160,0
21I000161,2
21I000162,test
21I000163,1
21I000164,4
21I000165,4
21I000166,1
21I000167,4
21I000168,1
21I000169,2
21I000170,1
21I000171,4
21I000172,0
21I000173,0
21I000174,2
21I000175,4
21I000176,4
21I000177,3
21I000178,4
21I000179,4
21I000180,test
21I000181,2
21I000182,1
21I000183,3
21I000184,3
21I000185,1
21I000186,0
21I000187,3
21I000188,1
21I000189,4
21I000190,1
21I000191,0
21I000192,4
21I000193,test
21I000194,0
21I000195,0
21I000196,2
21I000197,4
21I000198,0
21I000199,1
21I000200,3
21I000201,4
21I000202,2
21I000203,0
21I000204,0
21I000205,1
21I000206,0
21I000207,3
21I000208,0
21I000209,2
21I000210,3
21I000211,2
21I000212,0
21I000213,4
21I000214,3
21I000215,3
21I000216,0
21I000217,0
21I000218,4
21I000219,1
21I000220,1
21I000221,2
21I000222,3
21I000223,4
21I000224,test
21I000225,1
21I000226,4
21I000227,test
21I000228,0
21I000229,2
21I000230,3
21I000231,0
21I000232,0
21I000233,2
21I000234,4
21I000235,2
21I000236,4
21I000237,4
21I000238,2
21I000239,3
21I000240,0
21I000241,0
21I000242,test
21I000243,4
21I000244,3
21I000245,test
21I000246,1
21I000247,2
21I000248,3
21I000249,test
21I000250,4
21I000251,3
21I000252,2
21I000253,1
21I000254,2
21I000255,3
21I000256,4
21I000257,2
21I000258,1
21I000259,1
21I000260,3
21I000261,4
21I000262,test
21I000263,test
21I000264,0
21I000265,0
21I000266,2
21I000267,0
21I000268,test
21I000269,4
21I000270,1
21I000271,0
21I000272,4
21I000273,0
21I000274,1
21I000275,0
21I000276,test
21I000277,0
21I000278,0
21I000279,0
21I000280,0
21I000281,0
21I000282,2
21I000283,3
21I000284,test
21I000285,1
21I000286,1
21I000287,2
21I000288,4
21I000289,4
21I000290,0
21I000291,0
21I000292,1
21I000293,1
21I000294,2
21I000295,test
21I000296,2
21I000297,0
21I000298,test
21I000299,1
21I000300,2
21I000301,0
21I000302,test
21I000303,4
21I000304,0
21I000305,4
21I000306,0
21I000307,4
21I000308,4
21I000309,4
21I000310,4
21I000311,test
21I000312,3
21I000313,3
21I000314,test
21I000315,test
21I000316,3
21I000317,0
21I000318,2
21I000319,2
21I000320,4
21I000321,2
21I000322,1
21I000323,3
21I000324,1
21I000325,test
21I000326,0
21I000327,2
21I000328,2
21I000329,1
21I000330,1
21I000331,1
21I000332,1
21I000333,1
21I000334,3
21I000335,1
21I000336,test
21I000337,4
21I000338,4
21I000339,2
21I000340,1
21I000341,2
21I000342,4
21I000343,3
21I000344,4
21I000345,2
21I000346,3
21I000347,1
21I000348,3
21I000349,1
21I000350,3
21I000351,4
21I000352,0
21I000353,test
21I000354,3
21I000355,test
21I000356,0
21I000357,3
21I000358,0
21I000359,4
21I000360,0
21I000361,4
21I000362,4
21I000363,2
21I000364,3
21I000365,3
21I000366,4
21I000367,test
21I000368,1
21I000369,2
21I000370,test
21I000371,0
21I000372,3
21I000373,0
21I000374,2
21I000375,2
21I000376,2
21I000377,2
21I000378,3
21I000379,3
21I000380,2
21I000381,2
21I000382,4
21I000383,0
21I000384,0
21I000385,0
21I000386,3
21I000387,2
21I000388,3
21I000389,3
21I000390,1
21I000391,test
21I000392,4
21I000393,3
21I000394,1
21I000395,1
21I000396,1
21I000397,0
21I000398,0
21I000399,4
21I000400,2
21I000401,1
21I000402,3
21I000403,2
21I000404,test
21I000405,4
21I000406,3
21I000407,2
21I000408,1
21I000409,4
21I000410,3
21I000411,4
21I000412,0
21I000413,4
21I000414,3
21I000415,0
21I000416,2
21I000417,3
21I000418,0
21I000419,2
21I000420,4
21I000421,1
21I000422,2
21I000423,2
21I000424,1
21I000425,4
21I000426,3
21I000427,0
21I000428,4
21I000429,4
21I000430,1
21I000431,4
21I000432,0
21I000433,4
21I000434,3
21I000435,3
21I000436,0
21I000437,4
21I000438,0
21I000439,1
21I000440,0
21I000441,3
21I000442,0
21I000443,4
21I000444,3
21I000445,0
21I000446,0
21I000447,0
21I000448,3
21I000449,4
21I000450,1
21I000451,4
21I000452,0
21I000453,4
21I000454,4
21I000455,3
21I000456,3
21I000457,4
21I000458,0
21I000459,1
21I000460,0
21I000461,2
21I000462,3
21I000463,3
21I000464,test
21I000465,4
21I000466,0
21I000467,3
21I000468,0
21I000469,1
21I000470,3
21I000471,4
21I000472,3
21I000473,0
21I000474,3
21I000475,0
21I000476,4
21I000477,3
21I000478,0
21I000479,0
21I000480,0
21I000481,4
21I000482,2
21I000483,3
21I000484,3
21I000485,2
21I000486,0
21I000487,4
21I000488,test
21I000489,1
21I000490,2
21I000491,3
21I000492,3
21I000493,4
21I000494,0
21I000495,2
21I000496,2
21I000497,2
21I000498,0
21I000499,test
21I000500,0
21I000501,1
21I000502,1
21I000503,2
21I000504,3
21I000505,3
21I000506,test
21I000507,2
21I000508,2
21I000509,1
21I000510,2
21I000511,1
21I000512,0
21I000513,2
21I000514,2
21I000515,1
21I000516,2
21I000517,2
21I000518,3
21I000519,3
21I000520,3
21I000521,1
21I000522,3
21I000523,2
21I000524,2
21I000525,3
21I000526,1
21I000527,2
21I000528,3
21I000529,4
21I000530,4
21I000531,2
21I000532,2
21I000533,3
21I000534,1
21I000535,4
21I000536,2
21I000537,0
21I000538,0
21I000539,4
21I000540,test
21I000541,0
21I000542,1
21I000543,1
21I000544,0
21I000545,1
21I000546,3
21I000547,0
21I000548,4
21I000549,4
21I000550,1
21I000551,0
21I000552,3
21I000553,0
21I000554,1
21I000555,4
21I000556,4
21I000557,3
21I000558,1
21I000559,3
21I000560,3
21I000561,1
21I000562,3
21I000563,0
21I000564,1
21I000565,2
21I000566,test
21I000567,0
21I000568,0
21I000569,4
21I000570,4
21I000571,2
21I000572,4
21I000573,test
21I000574,4
21I000575,0
21I000576,2
21I000577,1
21I000578,0
21I000579,3
21I000580,2
21I000581,2
21I000582,0
21I000583,0
21I000584,4
21I000585,0
21I000586,1
21I000587,1
21I000588,2
21I000589,test
21I000590,2
21I000591,2
21I000592,0
21I000593,test
21I000594,1
21I000595,4
21I000596,3
21I000597,3
21I000598,test
21I000599,3
21I000600,test
21I000601,3
21I000602,0
21I000603,1
21I000604,2
21I000605,1
21I000606,4
21I000607,2
21I000608,3
21I000609,4
21I000610,2
21I000611,4
21I000612,2
21I000613,4
21I000614,1
21I000615,2
21I000616,2
21I000617,0
21I000618,1
21I000619,4
21I000620,3
21I000621,0
21I000622,1
21I000623,0
21I000624,0
21I000625,4
21I000626,2
21I000627,1
21I000628,2
21I000629,0
21I000630,1
21I000631,3
21I000632,3
21I000633,test
21I000634,4
21I000635,3
21I000636,2
21I000637,test
21I000638,3
21I000639,4
21I000640,3
21I000641,4
21I000642,3
21I000643,4
21I000644,0
21I000645,3
21I000646,2
21I000647,2
21I000648,3
21I000649,4
21I000650,4
21I000651,1
21I000652,3
21I000653,3
21I000654,test
21I000655,1
21I000656,0
21I000657,0
21I000658,3
21I000659,2
21I000660,4
21I000661,2
21I000662,4
21I000663,2
21I000664,3
21I000665,0
21I000666,2
21I000667,test
21I000668,4
21I000669,test
21I000670,4
21I000671,4
21I000672,0
21I000673,1
21I000674,0
21I000675,0
21I000676,3
21I000677,3
21I000678,3
21I000679,test
21I000680,4
21I000681,3
21I000682,test
21I000683,4
21I000684,0
21I000685,1
21I000686,3
21I000687,4
21I000688,0
21I000689,test
21I000690,2
21I000691,3
21I000692,0
21I000693,2
21I000694,4
21I000695,3
21I000696,1
21I000697,4
21I000698,test
21I000699,1
21I000700,4
21I000701,1
21I000702,2
21I000703,1
21I000704,1
21I000705,4
21I000706,0
21I000707,0
21I000708,1
21I000709,3
21I000710,4
21I000711,4
21I000712,1
21I000713,2
21I000714,0
21I000715,2
21I000716,test
21I000717,4
21I000718,3
21I000719,2
21I000720,1
21I000721,4
21I000722,2
21I000723,0
21I000724,1
21I000725,0
21I000726,1
21I000727,0
21I000728,2
21I000729,test
21I000730,3
21I000731,1
21I000732,2
21I000733,4
21I000734,3
21I000735,2
21I000736,1
21I000737,4
21I000738,1
21I000739,1
21I000740,4
21I000741,2
21I000742,3
21I000743,2
21I000744,3
21I000745,1
21I000746,1
21I000747,1
21I000748,0
21I000749,4
21I000750,1
21I000751,2
21I000752,3
21I000753,3
21I000754,2
21I000755,2
21I000756,4
21I000757,3
21I000758,4
21I000759,4
21I000760,3
21I000761,0
21I000762,2
21I000763,0
21I000764,3
21I000765,4
21I000766,2
21I000767,2
21I000768,0
21I000769,4
21I000770,0
21I000771,0
21I000772,1
21I000773,0
21I000774,2
21I000775,2
21I000776,1
21I000777,0
21I000778,0
21I000779,1
21I000780,0
21I000781,3
21I000782,test
21I000783,1
21I000784,test
21I000785,1
21I000786,1
21I000787,2
21I000788,0
21I000789,0
21I000790,4
21I000791,0
21I000792,2
21I000793,2
21I000794,1
21I000795,2
21I000796,3
21I000797,4
21I000798,1
21I000799,1
21I000800,1
21I000801,2
21I000802,3
21I000803,1
21I000804,1
21I000805,4
21I000806,0
21I000807,2
21I000808,3
21I000809,0
21I000810,0
21I000811,0
21I000812,4
21I000813,0
21I000814,0
21I000815,0
21I000816,0
21I000817,3
21I000818,1
21I000819,2
21I000820,2
21I000821,4
21I000822,0
21I000823,4
21I000824,3
21I000825,0
21I000826,3
21I000827,test
21I000828,4
21I000829,1
21I000830,test
21I000831,4
21I000832,test
21I000833,2
21I000834,test
21I000835,3
21I000836,4
21I000837,1
21I000838,4
21I000839,1
21I000840,3
21I000841,3
21I000842,1
21I000843,2
21I000844,1
21I000845,0
21I000846,0
21I000847,1
21I000848,0
21I000849,0
21I000850,3
21I000851,3
21I000852,3
21I000853,1
21I000854,4
21I000855,2
21I000856,test
21I000857,0
21I000858,0
21I000859,3
21I000860,0
21I000861,2
21I000862,4
21I000863,0
21I000864,0
21I000865,4
21I000866,2
21I000867,0
21I000868,4
21I000869,4
21I000870,2
21I000871,3
21I000872,1
21I000873,0
21I000874,2
21I000875,test
21I000876,1
21I000877,3
21I000878,4
21I000879,0
21I000880,2
21I000881,1
21I000882,4
21I000883,1
21I000884,3
21I000885,2
21I000886,test
21I000887,1
21I000888,3
21I000889,3
21I000890,2
21I000891,test
21I000892,test
21I000893,3
21I000894,4
21I000895,2
21I000896,2
21I000897,0
21I000898,3
21I000899,2
21I000900,2
21I000901,0
21I000902,4
21I000903,1
21I000904,test
21I000905,3
21I000906,0
21I000907,4
21I000908,0
21I000909,0
21I000910,4
21I000911,4
21I000912,1
21I000913,2
21I000914,3
21I000915,4
21I000916,test
21I000917,test
21I000918,1
21I000919,2
21I000920,3
21I000921,3
21I000922,3
21I000923,2
21I000924,0
21I000925,4
21I000926,4
21I000927,3
21I000928,0
21I000929,1
21I000930,3
21I000931,0
21I000932,4
21I000933,1
21I000934,3
21I000935,4
21I000936,1
21I000937,test
21I000938,1
21I000939,3
21I000940,2
21I000941,2
21I000942,3
21I000943,4
21I000944,2
21I000945,0
21I000946,1
21I000947,1
21I000948,0
21I000949,0
21I000950,3
21I000951,test
21I000952,1
21I000953,4
21I000954,1
21I000955,0
21I000956,3
21I000957,4
21I000958,1
21I000959,1
21I000960,0
21I000961,test
21I000962,2
21I000963,test
21I000964,2
21I000965,1
21I000966,0
21I000967,2
21I000968,4
21I000969,3
21I000970,test
21I000971,2
21I000972,0
21I000973,1
21I000974,1
21I000975,3
21I000976,test
21I000977,4
21I000978,4
21I000979,4
21I000980,4
21I000981,4
21I000982,0
21I000983,0
21I000984,1
21I000985,2
21I000986,0
21I000987,4
21I000988,test
21I000989,3
21I000990,2
21I000991,0
21I000992,1
21I000993,0
21I000994,4
21I000995,2
21I000996,3
21I000997,1
21I000998,1
21I000999,2
21I001000,test
21I001001,3
21I001002,test
21I001003,3
21I001004,test
21I001005,1
21I001006,4
21I001007,0
21I001008,4
21I001009,0
21I001010,test
21I001011,1
21I001012,4
21I001013,0
21I001014,2
21I001015,2
21I001016,1
21I001017,3
21I001018,4
21I001019,4
21I001020,1
21I001021,2
21I001022,1
21I001023,1
21I001024,0
21I001025,4
21I001026,4
21I001027,3
21I001028,2
21I001029,2
21I001030,2
21I001031,2
21I001032,2
21I001033,0
21I001034,0
21I001035,4
21I001036,2
21I001037,4
21I001038,0
21I001039,2
21I001040,1
21I001041,1
21I001042,0
21I001043,0
21I001044,4
21I001045,1
21I001046,3
21I001047,2
21I001048,2
21I001049,2
21I001050,0
21I001051,4
21I001052,4
21I001053,3
21I001054,2
21I001055,0
21I001056,test
21I001057,4
21I001058,1
21I001059,0
21I001060,1
21I001061,3
21I001062,3
21I001063,3
21I001064,3
21I001065,1
21I001066,4
21I001067,2
21I001068,test
21I001069,3
21I001070,test
21I001071,0
21I001072,4
21I001073,1
21I001074,0
21I001075,2
21I001076,0
21I001077,0
21I001078,3
21I001079,test
21I001080,1
21I001081,4
21I001082,1
21I001083,3
21I001084,2
21I001085,3
21I001086,2
21I001087,2
21I001088,4
21I001089,1
21I001090,0
21I001091,3
21I001092,4
21I001093,0
21I001094,2
21I001095,4
21I001096,3
21I001097,4
21I001098,2
21I001099,3
21I001100,1
21I001101,4
21I001102,1
21I001103,3
21I001104,2
21I001105,test
21I001106,test
21I001107,2
21I001108,3
21I001109,2
21I001110,4
21I001111,2
21I001112,3
21I001113,1
21I001114,2
21I001115,2
21I001116,0
21I001117,0
21I001118,3
21I001119,3
21I001120,3
21I001121,0
21I001122,1
21I001123,0
21I001124,3
21I001125,4
21I001126,1
21I001127,test
21I001128,3
21I001129,0
21I001130,1
21I001131,0
21I001132,1
21I001133,3
21I001134,4
21I001135,1
21I001136,2
21I001137,3
21I001138,4
21I001139,3
21I001140,1
21I001141,test
21I001142,3
21I001143,1
21I001144,4
21I001145,1
21I001146,3
21I001147,0
21I001148,2
21I001149,4
21I001150,3
21I001151,2
21I001152,4
21I001153,4
21I001154,1
21I001155,2
21I001156,2
21I001157,3
21I001158,1
21I001159,test
21I001160,1
21I001161,4
21I001162,4
21I001163,4
21I001164,4
21I001165,3
21I001166,3
21I001167,3
21I001168,2
21I001169,2
21I001170,1
21I001171,3
21I001172,1
21I001173,1
21I001174,2
21I001175,2
21I001176,1
21I001177,test
21I001178,4
21I001179,4
21I001180,0
21I001181,0
21I001182,1
21I001183,3
21I001184,4
21I001185,0
21I001186,3
21I001187,0
21I001188,1
21I001189,4
21I001190,0
21I001191,0
21I001192,2
21I001193,3
21I001194,4
21I001195,4
21I001196,0
21I001197,0
21I001198,3
21I001199,1
21I001200,4
21I001201,3
21I001202,0
21I001203,4
21I001204,0
21I001205,2
21I001206,2
21I001207,2
21I001208,3
21I001209,3
21I001210,4
21I001211,4
21I001212,2
21I001213,0
21I001214,3
21I001215,4
21I001216,1
21I001217,2
21I001218,2
21I001219,0
21I001220,3
21I001221,1
21I001222,3
21I001223,test
21I001224,4
21I001225,4
21I001226,2
21I001227,1
21I001228,3
21I001229,4
21I001230,2
21I001231,4
21I001232,0
21I001233,4
21I001234,0
21I001235,0
21I001236,2
21I001237,0
21I001238,0
21I001239,0
21I001240,2
21I001241,3
21I001242,0
21I001243,3
21I001244,4
21I001245,0
21I001246,0
21I001247,4
21I001248,4
21I001249,2
21I001250,test
21I001251,4
21I001252,0
21I001253,1
21I001254,3
21I001255,1
21I001256,3
21I001257,2
21I001258,3
21I001259,2
21I001260,1
21I001261,1
21I001262,1
21I001263,3
21I001264,0
21I001265,0
21I001266,0
21I001267,0
21I001268,4
21I001269,1
21I001270,4
21I001271,0
21I001272,test
21I001273,3
21I001274,2
21I001275,1
21I001276,4
21I001277,4
21I001278,4
21I001279,0
21I001280,1
21I001281,3
21I001282,1
21I001283,3
21I001284,2
21I001285,2
21I001286,4
21I001287,3
21I001288,0
